{"IFR": [1.6100000000000002e-05, 1.6100000000000002e-05, 6.95e-05, 6.95e-05, 0.00030900000000000003, 0.00030900000000000003, 0.000844, 0.000844, 0.00161, 0.00161, 0.0059499999999999996, 0.0059499999999999996, 0.019299999999999998, 0.019299999999999998, 0.042800000000000005, 0.0604], "mu": 0.4, "eps": 0.25, "Delta": 18}